benchmark,variant,granularity,param,return,local,attribute,global,total,exp_param,exp_return,exp_local,exp_attribute,exp_global,exp_total
call_method,shallow,annotation,10,6,1,0,0,17,10,6,1,0,0,17
call_method,advanced,annotation,10,6,1,0,0,17,10,6,1,0,0,17
call_method_slots,shallow,annotation,10,6,1,0,0,17,10,6,1,0,0,17
call_method_slots,advanced,annotation,10,6,1,0,0,17,10,6,1,0,0,17
call_simple,shallow,annotation,10,6,0,0,0,16,10,6,0,0,0,16
call_simple,advanced,annotation,10,6,0,0,0,16,10,6,0,0,0,16
chaos,shallow,function,20,12,12,3,1,48,20,9,12,3,1,45
chaos,advanced,function,20,12,10,4,1,47,20,9,10,4,1,44
deltablue,shallow,function,50,62,39,0,0,151,48,39,39,0,0,126
deltablue,advanced,function,47,61,47,20,8,183,47,50,47,20,8,172
fannkuch,shallow,annotation,1,1,11,0,1,14,1,1,11,0,1,14
fannkuch,advanced,annotation,1,1,13,0,1,16,1,1,13,0,1,16
float,shallow,annotation,4,5,7,3,1,20,4,3,7,3,1,18
float,advanced,annotation,5,6,7,3,1,22,5,5,7,3,1,21
held_karp,shallow,function,25,18,48,2,3,96,25,17,48,2,3,95
held_karp,advanced,function,25,17,49,2,3,96,25,16,49,2,3,95
nbody,shallow,annotation,16,4,4,0,9,33,16,4,4,0,9,33
nbody,advanced,annotation,21,2,32,6,7,68,21,2,32,6,7,68
nqueens,shallow,annotation,4,3,7,0,0,14,4,3,7,0,0,14
nqueens,advanced,annotation,8,5,18,0,0,31,8,5,18,0,0,31
pidigits,shallow,annotation,7,5,1,0,1,14,7,5,1,0,1,14
pidigits,advanced,annotation,7,5,4,0,0,16,7,5,4,0,0,16
pystone,shallow,function,20,12,19,5,17,73,20,12,19,5,17,73
pystone,advanced,function,20,12,19,5,17,73,20,12,19,5,17,73
richards,shallow,function,47,38,8,27,15,135,47,27,8,27,15,124
richards,advanced,function,47,38,17,23,14,139,47,27,17,23,14,128
