benchmark,variant,granularity,mask_bits,bits_with_annotations,no_op_bits
call_method,shallow,annotation,21,17,4
call_method,advanced,annotation,21,17,4
call_method_slots,shallow,annotation,22,17,5
call_method_slots,advanced,annotation,22,17,5
call_simple,shallow,annotation,20,16,4
call_simple,advanced,annotation,20,16,4
chaos,shallow,function,12,12,0
chaos,advanced,function,12,12,0
deltablue,shallow,function,44,38,6
deltablue,advanced,function,37,35,2
fannkuch,shallow,annotation,20,14,6
fannkuch,advanced,annotation,22,16,6
float,shallow,annotation,23,18,5
float,advanced,annotation,26,21,5
held_karp,shallow,function,18,18,0
held_karp,advanced,function,18,18,0
nbody,shallow,annotation,53,33,20
nbody,advanced,annotation,75,61,14
nqueens,shallow,annotation,26,14,12
nqueens,advanced,annotation,40,31,9
pidigits,shallow,annotation,33,14,19
pidigits,advanced,annotation,33,16,17
pystone,shallow,function,16,14,2
pystone,advanced,function,16,14,2
richards,shallow,function,25,22,3
richards,advanced,function,26,24,2
